{
  "kind": "collectionType",
  "collectionName": "products",
  "info": {
    "singularName": "product",
    "pluralName": "products",
    "displayName": "Product"
  },
  "options": {
    "draftAndPublish": true
  },
  "pluginOptions": {},
  "attributes": {
    "Title": {
      "type": "string",
      "required": true,
      "unique": true
    },
    "Price": {
      "type": "integer",
      "required": true
    },
    "Company": {
      "type": "enumeration",
      "enum": [
        "Svancom",
        "Vaarshaa",
        "Cleanswing"
      ]
    },
    "Image": {
      "allowedTypes": [
        "images"
      ],
      "type": "media",
      "multiple": false
    },
    "Description": {
      "type": "richtext"
    }
  }
}
